appointment_id,client_id,client_name,provider_id,provider_name,service_id,service_name,service_category,appointment_date,start_time,end_time,duration_min,status,price,discount,tip,gross_collected,booking_source,created_at,cancelled_at,notes
GG-APT-00001,GG-CL-0117,Camila Carter,GG-PROV-001,Mia Carter,SVC-002,Blowout,Hair,2026-04-01,17:30,18:15,45,completed,65,0,7.8,72.8,Phone,2026-03-25,,Potential referral
GG-APT-00002,GG-CL-0026,Olivia White,GG-PROV-005,Bri Ellis,SVC-005,Gloss / Toner,Color,2026-04-01,11:00,11:45,45,completed,95,0,19.0,114.0,VMB invite,2026-03-12,,
GG-APT-00003,GG-CL-0085,Bella Hernandez,GG-PROV-005,Bri Ellis,SVC-010,Facial,Skin,2026-04-01,14:30,15:45,75,completed,110,15,0,95,Phone,2026-03-26,,Upsell gloss next time
GG-APT-00004,GG-CL-0114,Skylar Sanchez,GG-PROV-005,Bri Ellis,SVC-005,Gloss / Toner,Color,2026-04-01,13:30,14:15,45,completed,95,0,23.75,118.75,Instagram DM,2026-03-30,,Slow slot fill
GG-APT-00005,GG-CL-0060,Abigail Thompson,GG-PROV-002,Janelle Brooks,SVC-006,Gel Manicure,Nails,2026-04-01,11:00,11:55,55,completed,63,0,15.75,78.75,Text request,2026-03-20,,
GG-APT-00006,GG-CL-0031,Riley King,GG-PROV-004,Sasha Reed,SVC-002,Blowout,Hair,2026-04-01,13:30,14:15,45,completed,65,15,7.8,57.8,Instagram DM,2026-03-05,,Upsell gloss next time
GG-APT-00007,GG-CL-0120,Evelyn Flores,GG-PROV-005,Bri Ellis,SVC-006,Gel Manicure,Nails,2026-04-01,12:30,13:25,55,rescheduled,58,0,0,0,VMB invite,2026-03-18,,Wedding guest
GG-APT-00008,GG-CL-0113,Ava Green,GG-PROV-003,Tori Nguyen,SVC-008,Brow Wax,Wax,2026-04-01,09:00,09:20,20,completed,38,0,7.6,45.6,Rebooked at checkout,2026-03-26,,Upsell gloss next time
GG-APT-00009,GG-CL-0077,Layla Adams,GG-PROV-004,Sasha Reed,SVC-005,Gloss / Toner,Color,2026-04-01,17:30,18:15,45,completed,90,0,16.2,106.2,Text request,2026-03-09,,Potential referral
GG-APT-00010,GG-CL-0073,Ava Nguyen,GG-PROV-005,Bri Ellis,SVC-004,Balayage,Color,2026-04-01,14:30,17:00,150,completed,245,0,0,245,Instagram DM,2026-03-08,,Upsell gloss next time
GG-APT-00011,GG-CL-0016,Charlotte Taylor,GG-PROV-002,Janelle Brooks,SVC-002,Blowout,Hair,2026-04-01,15:30,16:15,45,completed,70,0,14.0,84.0,Rebooked at checkout,2026-03-26,,Upsell gloss next time
GG-APT-00012,GG-CL-0005,Chloe Walker,GG-PROV-002,Janelle Brooks,SVC-006,Gel Manicure,Nails,2026-04-01,16:30,17:25,55,completed,73,0,8.76,81.76,VMB invite,2026-03-28,,Potential referral
GG-APT-00013,GG-CL-0095,Savannah Baker,GG-PROV-003,Tori Nguyen,SVC-010,Facial,Skin,2026-04-01,14:30,15:45,75,completed,145,0,29.0,174.0,VMB invite,2026-03-23,,Wedding guest
GG-APT-00014,GG-CL-0075,Aurora Harris,GG-PROV-003,Tori Nguyen,SVC-001,Women's Haircut,Hair,2026-04-02,16:30,17:30,60,completed,85,20,21.25,86.25,Rebooked at checkout,2026-03-17,,Slow slot fill
GG-APT-00015,GG-CL-0106,Ellie Williams,GG-PROV-002,Janelle Brooks,SVC-001,Women's Haircut,Hair,2026-04-02,10:00,11:00,60,completed,75,0,13.5,88.5,Rebooked at checkout,2026-03-20,,Slow slot fill
GG-APT-00016,GG-CL-0112,Skylar Green,GG-PROV-001,Mia Carter,SVC-003,Root Touch-Up,Color,2026-04-02,17:30,19:00,90,completed,150,0,22.5,172.5,Instagram DM,2026-03-17,,Wedding guest
GG-APT-00017,GG-CL-0044,Caroline Wilson,GG-PROV-005,Bri Ellis,SVC-006,Gel Manicure,Nails,2026-04-02,13:30,14:25,55,completed,73,0,8.76,81.76,Text request,2026-03-16,,Potential referral
GG-APT-00018,GG-CL-0091,Paisley Clark,GG-PROV-002,Janelle Brooks,SVC-008,Brow Wax,Wax,2026-04-02,14:30,14:50,20,completed,33,0,6.6,39.6,Phone,2026-03-25,,Potential referral
GG-APT-00019,GG-CL-0115,Olivia White,GG-PROV-004,Sasha Reed,SVC-006,Gel Manicure,Nails,2026-04-02,11:00,11:55,55,completed,48,0,7.2,55.2,Online booking,2026-03-22,,Wedding guest
GG-APT-00020,GG-CL-0106,Ellie Williams,GG-PROV-005,Bri Ellis,SVC-005,Gloss / Toner,Color,2026-04-02,17:30,18:15,45,cancelled,95,0,0,0,VMB invite,2026-03-10,2026-04-01,
GG-APT-00021,GG-CL-0007,Lucy Walker,GG-PROV-005,Bri Ellis,SVC-004,Balayage,Color,2026-04-02,12:30,15:00,150,completed,240,0,43.2,283.2,Instagram DM,2026-03-30,,Slow slot fill
GG-APT-00022,GG-CL-0053,Natalie Rodriguez,GG-PROV-004,Sasha Reed,SVC-008,Brow Wax,Wax,2026-04-02,12:30,12:50,20,no_show,28,0,0,0,Phone,2026-04-01,,
GG-APT-00023,GG-CL-0084,Olivia Mitchell,GG-PROV-005,Bri Ellis,SVC-004,Balayage,Color,2026-04-02,17:30,20:00,150,no_show,235,0,0,0,Rebooked at checkout,2026-03-20,,
GG-APT-00024,GG-CL-0120,Evelyn Flores,GG-PROV-001,Mia Carter,SVC-007,Spa Pedicure,Nails,2026-04-02,16:30,17:30,60,completed,72,5,0,67,Text request,2026-03-24,,Wedding guest
GG-APT-00025,GG-CL-0060,Abigail Thompson,GG-PROV-003,Tori Nguyen,SVC-004,Balayage,Color,2026-04-02,10:00,12:30,150,completed,245,0,61.25,306.25,Text request,2026-03-11,,
GG-APT-00026,GG-CL-0087,Evelyn Hall,GG-PROV-002,Janelle Brooks,SVC-003,Root Touch-Up,Color,2026-04-02,15:30,17:00,90,completed,150,5,22.5,167.5,Rebooked at checkout,2026-03-29,,Wedding guest
GG-APT-00027,GG-CL-0035,Penelope Thomas,GG-PROV-003,Tori Nguyen,SVC-005,Gloss / Toner,Color,2026-04-03,09:00,09:45,45,completed,100,0,25.0,125.0,Phone,2026-03-31,,Wedding guest
GG-APT-00028,GG-CL-0089,Charlotte Nguyen,GG-PROV-001,Mia Carter,SVC-005,Gloss / Toner,Color,2026-04-03,14:30,15:15,45,completed,95,0,11.4,106.4,Instagram DM,2026-03-30,,Wedding guest
GG-APT-00029,GG-CL-0097,Riley Carter,GG-PROV-005,Bri Ellis,SVC-004,Balayage,Color,2026-04-03,12:30,15:00,150,completed,240,0,48.0,288.0,Phone,2026-03-23,,
GG-APT-00030,GG-CL-0026,Olivia White,GG-PROV-005,Bri Ellis,SVC-009,Lash Lift,Lashes,2026-04-03,11:00,12:00,60,completed,100,0,20.0,120.0,Phone,2026-03-28,,Slow slot fill
GG-APT-00031,GG-CL-0104,Savannah Sanchez,GG-PROV-001,Mia Carter,SVC-008,Brow Wax,Wax,2026-04-03,11:00,11:20,20,completed,38,0,6.84,44.84,VMB invite,2026-03-20,,Slow slot fill
GG-APT-00032,GG-CL-0105,Scarlett Martinez,GG-PROV-001,Mia Carter,SVC-004,Balayage,Color,2026-04-03,10:00,12:30,150,completed,255,0,38.25,293.25,VMB invite,2026-04-02,,
GG-APT-00033,GG-CL-0099,Audrey Nelson,GG-PROV-002,Janelle Brooks,SVC-007,Spa Pedicure,Nails,2026-04-03,14:30,15:30,60,completed,87,0,15.66,102.66,Phone,2026-03-13,,Upsell gloss next time
GG-APT-00034,GG-CL-0023,Savannah Lee,GG-PROV-005,Bri Ellis,SVC-007,Spa Pedicure,Nails,2026-04-03,17:30,18:30,60,completed,72,0,0,72,Text request,2026-03-20,,Slow slot fill
GG-APT-00035,GG-CL-0032,Savannah Miller,GG-PROV-004,Sasha Reed,SVC-006,Gel Manicure,Nails,2026-04-03,11:00,11:55,55,completed,58,0,14.5,72.5,Online booking,2026-03-09,,Slow slot fill
GG-APT-00036,GG-CL-0027,Abigail Gonzalez,GG-PROV-001,Mia Carter,SVC-002,Blowout,Hair,2026-04-03,09:00,09:45,45,completed,55,0,6.6,61.6,Instagram DM,2026-03-20,,
GG-APT-00037,GG-CL-0065,Evelyn Robinson,GG-PROV-003,Tori Nguyen,SVC-004,Balayage,Color,2026-04-03,14:30,17:00,150,completed,250,0,30.0,280.0,Rebooked at checkout,2026-03-13,,Upsell gloss next time
GG-APT-00038,GG-CL-0072,Grace Walker,GG-PROV-005,Bri Ellis,SVC-003,Root Touch-Up,Color,2026-04-04,15:30,17:00,90,completed,140,0,0,140,Phone,2026-03-14,,Wedding guest
GG-APT-00039,GG-CL-0020,Amelia Nguyen,GG-PROV-003,Tori Nguyen,SVC-007,Spa Pedicure,Nails,2026-04-04,11:00,12:00,60,no_show,97,0,0,0,Rebooked at checkout,2026-03-26,,Slow slot fill
GG-APT-00040,GG-CL-0019,Brooklyn Young,GG-PROV-004,Sasha Reed,SVC-001,Women's Haircut,Hair,2026-04-04,17:30,18:30,60,completed,95,0,19.0,114.0,Instagram DM,2026-03-28,,Potential referral
GG-APT-00041,GG-CL-0109,Penelope Garcia,GG-PROV-003,Tori Nguyen,SVC-002,Blowout,Hair,2026-04-04,17:30,18:15,45,cancelled,65,20,0,0,Phone,2026-03-16,2026-04-04,
GG-APT-00042,GG-CL-0025,Ava Rodriguez,GG-PROV-005,Bri Ellis,SVC-009,Lash Lift,Lashes,2026-04-04,12:30,13:30,60,completed,95,0,14.25,109.25,Online booking,2026-03-29,,
GG-APT-00043,GG-CL-0090,Penelope Torres,GG-PROV-005,Bri Ellis,SVC-004,Balayage,Color,2026-04-04,15:30,18:00,150,completed,270,0,40.5,310.5,Instagram DM,2026-03-21,,Upsell gloss next time
GG-APT-00044,GG-CL-0113,Ava Green,GG-PROV-004,Sasha Reed,SVC-008,Brow Wax,Wax,2026-04-04,10:00,10:20,20,cancelled,43,0,0,0,Text request,2026-03-29,2026-04-02,Potential referral
GG-APT-00045,GG-CL-0053,Natalie Rodriguez,GG-PROV-001,Mia Carter,SVC-010,Facial,Skin,2026-04-04,12:30,13:45,75,no_show,120,20,0,0,Text request,2026-03-31,,
GG-APT-00046,GG-CL-0043,Amelia Nguyen,GG-PROV-002,Janelle Brooks,SVC-007,Spa Pedicure,Nails,2026-04-04,12:30,13:30,60,completed,97,0,24.25,121.25,Text request,2026-03-27,,Wedding guest
GG-APT-00047,GG-CL-0018,Penelope Rivera,GG-PROV-005,Bri Ellis,SVC-008,Brow Wax,Wax,2026-04-04,11:00,11:20,20,completed,20,5,4.0,19.0,Phone,2026-04-03,,
GG-APT-00048,GG-CL-0091,Paisley Clark,GG-PROV-002,Janelle Brooks,SVC-001,Women's Haircut,Hair,2026-04-04,12:30,13:30,60,completed,100,20,15.0,95.0,Phone,2026-03-20,,
GG-APT-00049,GG-CL-0003,Penelope Thompson,GG-PROV-005,Bri Ellis,SVC-005,Gloss / Toner,Color,2026-04-04,17:30,18:15,45,completed,85,0,17.0,102.0,Phone,2026-03-22,,
GG-APT-00050,GG-CL-0031,Riley King,GG-PROV-002,Janelle Brooks,SVC-010,Facial,Skin,2026-04-04,17:30,18:45,75,completed,125,0,18.75,143.75,Online booking,2026-03-24,,Wedding guest
GG-APT-00051,GG-CL-0088,Savannah Torres,GG-PROV-001,Mia Carter,SVC-001,Women's Haircut,Hair,2026-04-04,10:00,11:00,60,completed,95,0,17.1,112.1,Online booking,2026-03-15,,
GG-APT-00052,GG-CL-0073,Ava Nguyen,GG-PROV-001,Mia Carter,SVC-009,Lash Lift,Lashes,2026-04-04,09:00,10:00,60,completed,95,0,23.75,118.75,Instagram DM,2026-03-27,,
GG-APT-00053,GG-CL-0073,Ava Nguyen,GG-PROV-001,Mia Carter,SVC-003,Root Touch-Up,Color,2026-04-04,14:30,16:00,90,completed,125,0,25.0,150.0,Phone,2026-03-09,,Wedding guest
GG-APT-00054,GG-CL-0087,Evelyn Hall,GG-PROV-005,Bri Ellis,SVC-006,Gel Manicure,Nails,2026-04-06,15:30,16:25,55,no_show,58,0,0,0,Phone,2026-03-14,,
GG-APT-00055,GG-CL-0065,Evelyn Robinson,GG-PROV-003,Tori Nguyen,SVC-001,Women's Haircut,Hair,2026-04-06,10:00,11:00,60,completed,85,0,0,85,VMB invite,2026-03-18,,Wedding guest
GG-APT-00056,GG-CL-0063,Amelia Nelson,GG-PROV-002,Janelle Brooks,SVC-006,Gel Manicure,Nails,2026-04-06,17:30,18:25,55,completed,68,0,8.16,76.16,Phone,2026-03-25,,
GG-APT-00057,GG-CL-0011,Amelia Harris,GG-PROV-003,Tori Nguyen,SVC-003,Root Touch-Up,Color,2026-04-06,15:30,17:00,90,cancelled,125,0,0,0,Text request,2026-03-26,2026-04-06,
GG-APT-00058,GG-CL-0001,Skylar Rodriguez,GG-PROV-003,Tori Nguyen,SVC-008,Brow Wax,Wax,2026-04-06,14:30,14:50,20,rescheduled,28,5,0,0,Rebooked at checkout,2026-03-24,,Wedding guest
GG-APT-00059,GG-CL-0072,Grace Walker,GG-PROV-005,Bri Ellis,SVC-009,Lash Lift,Lashes,2026-04-07,15:30,16:30,60,completed,85,0,0,85,Online booking,2026-03-19,,Upsell gloss next time
GG-APT-00060,GG-CL-0053,Natalie Rodriguez,GG-PROV-004,Sasha Reed,SVC-002,Blowout,Hair,2026-04-07,17:30,18:15,45,completed,90,0,10.8,100.8,Rebooked at checkout,2026-04-03,,Potential referral
GG-APT-00061,GG-CL-0022,Grace Martinez,GG-PROV-004,Sasha Reed,SVC-005,Gloss / Toner,Color,2026-04-07,15:30,16:15,45,completed,110,0,0,110,Rebooked at checkout,2026-03-15,,Slow slot fill
GG-APT-00062,GG-CL-0014,Nora Jones,GG-PROV-002,Janelle Brooks,SVC-005,Gloss / Toner,Color,2026-04-07,09:00,09:45,45,completed,100,0,20.0,120.0,Text request,2026-03-24,,Potential referral
GG-APT-00063,GG-CL-0039,Ava White,GG-PROV-003,Tori Nguyen,SVC-010,Facial,Skin,2026-04-07,12:30,13:45,75,completed,125,0,15.0,140.0,Text request,2026-03-29,,Slow slot fill
GG-APT-00064,GG-CL-0049,Lily Thomas,GG-PROV-003,Tori Nguyen,SVC-007,Spa Pedicure,Nails,2026-04-07,14:30,15:30,60,completed,72,0,14.4,86.4,Rebooked at checkout,2026-03-17,,Upsell gloss next time
GG-APT-00065,GG-CL-0057,Sophia Lopez,GG-PROV-003,Tori Nguyen,SVC-002,Blowout,Hair,2026-04-07,15:30,16:15,45,completed,80,0,9.6,89.6,Rebooked at checkout,2026-03-30,,Slow slot fill
GG-APT-00066,GG-CL-0075,Aurora Harris,GG-PROV-004,Sasha Reed,SVC-009,Lash Lift,Lashes,2026-04-08,17:30,18:30,60,cancelled,105,0,0,0,Text request,2026-03-17,2026-04-08,
GG-APT-00067,GG-CL-0099,Audrey Nelson,GG-PROV-002,Janelle Brooks,SVC-006,Gel Manicure,Nails,2026-04-08,11:00,11:55,55,completed,48,0,9.6,57.6,Phone,2026-03-19,,Wedding guest
GG-APT-00068,GG-CL-0002,Mia Anderson,GG-PROV-001,Mia Carter,SVC-005,Gloss / Toner,Color,2026-04-08,12:30,13:15,45,completed,120,0,24.0,144.0,VMB invite,2026-04-01,,Wedding guest
GG-APT-00069,GG-CL-0020,Amelia Nguyen,GG-PROV-003,Tori Nguyen,SVC-001,Women's Haircut,Hair,2026-04-08,16:30,17:30,60,completed,85,0,15.3,100.3,Online booking,2026-04-05,,Slow slot fill
GG-APT-00070,GG-CL-0101,Bella Young,GG-PROV-002,Janelle Brooks,SVC-009,Lash Lift,Lashes,2026-04-08,16:30,17:30,60,completed,110,0,0,110,Phone,2026-03-25,,Potential referral
GG-APT-00071,GG-CL-0109,Penelope Garcia,GG-PROV-003,Tori Nguyen,SVC-002,Blowout,Hair,2026-04-08,11:00,11:45,45,no_show,65,0,0,0,VMB invite,2026-04-03,,Potential referral
GG-APT-00072,GG-CL-0072,Grace Walker,GG-PROV-004,Sasha Reed,SVC-008,Brow Wax,Wax,2026-04-09,12:30,12:50,20,completed,28,0,3.36,31.36,Instagram DM,2026-03-28,,
GG-APT-00073,GG-CL-0055,Victoria Gonzalez,GG-PROV-004,Sasha Reed,SVC-001,Women's Haircut,Hair,2026-04-09,12:30,13:30,60,completed,85,0,21.25,106.25,Online booking,2026-03-22,,
GG-APT-00074,GG-CL-0059,Violet Nelson,GG-PROV-001,Mia Carter,SVC-005,Gloss / Toner,Color,2026-04-09,16:30,17:15,45,completed,100,0,20.0,120.0,Instagram DM,2026-03-22,,
GG-APT-00075,GG-CL-0023,Savannah Lee,GG-PROV-003,Tori Nguyen,SVC-010,Facial,Skin,2026-04-09,10:00,11:15,75,completed,120,15,18.0,123.0,Online booking,2026-04-04,,Potential referral
GG-APT-00076,GG-CL-0018,Penelope Rivera,GG-PROV-005,Bri Ellis,SVC-007,Spa Pedicure,Nails,2026-04-09,15:30,16:30,60,completed,87,0,21.75,108.75,Phone,2026-04-04,,Upsell gloss next time
GG-APT-00077,GG-CL-0041,Zoey Anderson,GG-PROV-004,Sasha Reed,SVC-010,Facial,Skin,2026-04-09,09:00,10:15,75,completed,110,0,19.8,129.8,Instagram DM,2026-03-23,,Upsell gloss next time
GG-APT-00078,GG-CL-0091,Paisley Clark,GG-PROV-004,Sasha Reed,SVC-008,Brow Wax,Wax,2026-04-09,11:00,11:20,20,completed,20,0,2.4,22.4,Text request,2026-04-02,,Upsell gloss next time
GG-APT-00079,GG-CL-0096,Amelia Clark,GG-PROV-004,Sasha Reed,SVC-009,Lash Lift,Lashes,2026-04-09,17:30,18:30,60,completed,90,0,13.5,103.5,Text request,2026-03-23,,
GG-APT-00080,GG-CL-0095,Savannah Baker,GG-PROV-002,Janelle Brooks,SVC-005,Gloss / Toner,Color,2026-04-09,09:00,09:45,45,completed,95,0,14.25,109.25,Online booking,2026-03-26,,
GG-APT-00081,GG-CL-0111,Claire Miller,GG-PROV-005,Bri Ellis,SVC-007,Spa Pedicure,Nails,2026-04-09,11:00,12:00,60,completed,72,0,8.64,80.64,Online booking,2026-03-22,,Potential referral
GG-APT-00082,GG-CL-0042,Scarlett Nelson,GG-PROV-003,Tori Nguyen,SVC-005,Gloss / Toner,Color,2026-04-09,13:30,14:15,45,completed,90,0,10.8,100.8,Instagram DM,2026-04-08,,Potential referral
GG-APT-00083,GG-CL-0019,Brooklyn Young,GG-PROV-003,Tori Nguyen,SVC-004,Balayage,Color,2026-04-09,15:30,18:00,150,completed,245,0,49.0,294.0,Phone,2026-03-27,,Wedding guest
GG-APT-00084,GG-CL-0066,Kennedy Ramirez,GG-PROV-003,Tori Nguyen,SVC-006,Gel Manicure,Nails,2026-04-09,16:30,17:25,55,completed,63,5,12.6,70.6,Phone,2026-03-26,,Slow slot fill
GG-APT-00085,GG-CL-0028,Ella Walker,GG-PROV-004,Sasha Reed,SVC-004,Balayage,Color,2026-04-09,16:30,19:00,150,completed,250,0,37.5,287.5,VMB invite,2026-04-05,,Upsell gloss next time
GG-APT-00086,GG-CL-0013,Victoria Thomas,GG-PROV-004,Sasha Reed,SVC-001,Women's Haircut,Hair,2026-04-09,10:00,11:00,60,completed,100,20,18.0,98.0,Rebooked at checkout,2026-03-18,,
GG-APT-00087,GG-CL-0048,Ava Wright,GG-PROV-002,Janelle Brooks,SVC-001,Women's Haircut,Hair,2026-04-10,15:30,16:30,60,completed,85,0,21.25,106.25,Rebooked at checkout,2026-03-28,,Slow slot fill
GG-APT-00088,GG-CL-0062,Savannah Martinez,GG-PROV-001,Mia Carter,SVC-003,Root Touch-Up,Color,2026-04-10,12:30,14:00,90,completed,140,15,0,125,Online booking,2026-03-14,,Wedding guest
GG-APT-00089,GG-CL-0012,Abigail Moore,GG-PROV-001,Mia Carter,SVC-002,Blowout,Hair,2026-04-10,14:30,15:15,45,completed,65,0,7.8,72.8,Rebooked at checkout,2026-03-21,,Slow slot fill
GG-APT-00090,GG-CL-0079,Stella Harris,GG-PROV-002,Janelle Brooks,SVC-008,Brow Wax,Wax,2026-04-10,14:30,14:50,20,cancelled,28,0,0,0,Rebooked at checkout,2026-03-28,2026-04-07,
GG-APT-00091,GG-CL-0012,Abigail Moore,GG-PROV-001,Mia Carter,SVC-003,Root Touch-Up,Color,2026-04-10,10:00,11:30,90,completed,135,0,20.25,155.25,Text request,2026-03-16,,
GG-APT-00092,GG-CL-0071,Grace Baker,GG-PROV-005,Bri Ellis,SVC-010,Facial,Skin,2026-04-10,13:30,14:45,75,rescheduled,110,0,0,0,Phone,2026-03-13,,Potential referral
GG-APT-00093,GG-CL-0027,Abigail Gonzalez,GG-PROV-005,Bri Ellis,SVC-010,Facial,Skin,2026-04-10,17:30,18:45,75,completed,130,0,19.5,149.5,Rebooked at checkout,2026-03-26,,Wedding guest
GG-APT-00094,GG-CL-0068,Skylar Campbell,GG-PROV-001,Mia Carter,SVC-006,Gel Manicure,Nails,2026-04-10,14:30,15:25,55,completed,68,0,13.6,81.6,VMB invite,2026-03-20,,
GG-APT-00095,GG-CL-0076,Emilia Thomas,GG-PROV-001,Mia Carter,SVC-001,Women's Haircut,Hair,2026-04-10,13:30,14:30,60,completed,75,0,0,75,Instagram DM,2026-03-25,,Potential referral
GG-APT-00096,GG-CL-0011,Amelia Harris,GG-PROV-005,Bri Ellis,SVC-009,Lash Lift,Lashes,2026-04-10,11:00,12:00,60,completed,90,10,13.5,93.5,Rebooked at checkout,2026-03-24,,Potential referral
GG-APT-00097,GG-CL-0090,Penelope Torres,GG-PROV-004,Sasha Reed,SVC-004,Balayage,Color,2026-04-10,09:00,11:30,150,completed,240,5,43.2,278.2,Text request,2026-03-20,,Slow slot fill
GG-APT-00098,GG-CL-0021,Caroline Perez,GG-PROV-004,Sasha Reed,SVC-006,Gel Manicure,Nails,2026-04-10,17:30,18:25,55,completed,58,0,6.96,64.96,Phone,2026-03-17,,Potential referral
GG-APT-00099,GG-CL-0104,Savannah Sanchez,GG-PROV-004,Sasha Reed,SVC-005,Gloss / Toner,Color,2026-04-11,17:30,18:15,45,completed,95,0,23.75,118.75,Phone,2026-04-09,,Wedding guest
GG-APT-00100,GG-CL-0110,Emma Perez,GG-PROV-005,Bri Ellis,SVC-003,Root Touch-Up,Color,2026-04-11,14:30,16:00,90,completed,125,0,0,125,Phone,2026-03-19,,
GG-APT-00101,GG-CL-0110,Emma Perez,GG-PROV-001,Mia Carter,SVC-004,Balayage,Color,2026-04-11,09:00,11:30,150,completed,250,0,45.0,295.0,Rebooked at checkout,2026-03-15,,
GG-APT-00102,GG-CL-0042,Scarlett Nelson,GG-PROV-002,Janelle Brooks,SVC-007,Spa Pedicure,Nails,2026-04-11,14:30,15:30,60,completed,67,0,13.4,80.4,VMB invite,2026-03-21,,
GG-APT-00103,GG-CL-0123,Everly Perez,GG-PROV-004,Sasha Reed,SVC-002,Blowout,Hair,2026-04-11,16:30,17:15,45,completed,65,20,9.75,54.75,Online booking,2026-03-31,,
GG-APT-00104,GG-CL-0032,Savannah Miller,GG-PROV-004,Sasha Reed,SVC-006,Gel Manicure,Nails,2026-04-11,16:30,17:25,55,rescheduled,58,0,0,0,VMB invite,2026-03-18,,
GG-APT-00105,GG-CL-0020,Amelia Nguyen,GG-PROV-001,Mia Carter,SVC-007,Spa Pedicure,Nails,2026-04-11,09:00,10:00,60,completed,97,0,14.55,111.55,Phone,2026-03-14,,
GG-APT-00106,GG-CL-0014,Nora Jones,GG-PROV-002,Janelle Brooks,SVC-009,Lash Lift,Lashes,2026-04-11,12:30,13:30,60,completed,110,0,0,110,Rebooked at checkout,2026-03-20,,Potential referral
GG-APT-00107,GG-CL-0053,Natalie Rodriguez,GG-PROV-003,Tori Nguyen,SVC-008,Brow Wax,Wax,2026-04-11,10:00,10:20,20,completed,23,0,4.6,27.6,Instagram DM,2026-04-09,,Upsell gloss next time
GG-APT-00108,GG-CL-0038,Aria Thompson,GG-PROV-003,Tori Nguyen,SVC-006,Gel Manicure,Nails,2026-04-11,15:30,16:25,55,cancelled,63,0,0,0,Text request,2026-04-04,2026-04-11,
GG-APT-00109,GG-CL-0018,Penelope Rivera,GG-PROV-005,Bri Ellis,SVC-002,Blowout,Hair,2026-04-11,11:00,11:45,45,completed,65,0,11.7,76.7,Instagram DM,2026-04-08,,Upsell gloss next time
GG-APT-00110,GG-CL-0040,Abigail Walker,GG-PROV-004,Sasha Reed,SVC-005,Gloss / Toner,Color,2026-04-11,10:00,10:45,45,completed,95,0,23.75,118.75,Phone,2026-03-20,,Upsell gloss next time
GG-APT-00111,GG-CL-0046,Nova Wright,GG-PROV-004,Sasha Reed,SVC-009,Lash Lift,Lashes,2026-04-13,09:00,10:00,60,completed,95,0,14.25,109.25,Rebooked at checkout,2026-04-13,,Wedding guest
GG-APT-00112,GG-CL-0013,Victoria Thomas,GG-PROV-004,Sasha Reed,SVC-002,Blowout,Hair,2026-04-13,11:00,11:45,45,completed,55,0,0,55,Rebooked at checkout,2026-04-09,,
GG-APT-00113,GG-CL-0076,Emilia Thomas,GG-PROV-003,Tori Nguyen,SVC-002,Blowout,Hair,2026-04-13,09:00,09:45,45,completed,65,0,16.25,81.25,Rebooked at checkout,2026-04-11,,Potential referral
GG-APT-00114,GG-CL-0022,Grace Martinez,GG-PROV-005,Bri Ellis,SVC-007,Spa Pedicure,Nails,2026-04-13,15:30,16:30,60,completed,62,0,11.16,73.16,Rebooked at checkout,2026-04-02,,
GG-APT-00115,GG-CL-0005,Chloe Walker,GG-PROV-005,Bri Ellis,SVC-010,Facial,Skin,2026-04-13,12:30,13:45,75,completed,120,0,21.6,141.6,VMB invite,2026-03-29,,
GG-APT-00116,GG-CL-0026,Olivia White,GG-PROV-005,Bri Ellis,SVC-004,Balayage,Color,2026-04-13,17:30,20:00,150,completed,255,0,63.75,318.75,VMB invite,2026-03-19,,Wedding guest
GG-APT-00117,GG-CL-0050,Anna Walker,GG-PROV-003,Tori Nguyen,SVC-003,Root Touch-Up,Color,2026-04-13,09:00,10:30,90,completed,125,0,0,125,Text request,2026-04-12,,Wedding guest
GG-APT-00118,GG-CL-0125,Audrey Jones,GG-PROV-002,Janelle Brooks,SVC-002,Blowout,Hair,2026-04-13,12:30,13:15,45,completed,65,0,9.75,74.75,Phone,2026-04-12,,
GG-APT-00119,GG-CL-0120,Evelyn Flores,GG-PROV-002,Janelle Brooks,SVC-003,Root Touch-Up,Color,2026-04-13,12:30,14:00,90,completed,130,0,32.5,162.5,VMB invite,2026-04-13,,Slow slot fill
GG-APT-00120,GG-CL-0073,Ava Nguyen,GG-PROV-002,Janelle Brooks,SVC-008,Brow Wax,Wax,2026-04-13,17:30,17:50,20,completed,28,5,5.04,28.04,Rebooked at checkout,2026-03-25,,
GG-APT-00121,GG-CL-0118,Penelope Flores,GG-PROV-005,Bri Ellis,SVC-004,Balayage,Color,2026-04-13,11:00,13:30,150,completed,245,10,36.75,271.75,VMB invite,2026-03-22,,
GG-APT-00122,GG-CL-0048,Ava Wright,GG-PROV-004,Sasha Reed,SVC-010,Facial,Skin,2026-04-14,10:00,11:15,75,completed,120,0,18.0,138.0,Rebooked at checkout,2026-03-22,,Wedding guest
GG-APT-00123,GG-CL-0089,Charlotte Nguyen,GG-PROV-005,Bri Ellis,SVC-006,Gel Manicure,Nails,2026-04-14,12:30,13:25,55,completed,58,0,10.44,68.44,Phone,2026-04-05,,
GG-APT-00124,GG-CL-0109,Penelope Garcia,GG-PROV-005,Bri Ellis,SVC-001,Women's Haircut,Hair,2026-04-14,11:00,12:00,60,completed,90,0,18.0,108.0,VMB invite,2026-04-11,,Wedding guest
GG-APT-00125,GG-CL-0045,Luna Jones,GG-PROV-003,Tori Nguyen,SVC-003,Root Touch-Up,Color,2026-04-14,10:00,11:30,90,cancelled,130,0,0,0,Text request,2026-04-08,2026-04-13,Slow slot fill
GG-APT-00126,GG-CL-0009,Nova Rodriguez,GG-PROV-003,Tori Nguyen,SVC-005,Gloss / Toner,Color,2026-04-14,10:00,10:45,45,cancelled,85,20,0,0,Phone,2026-04-01,2026-04-13,Wedding guest
GG-APT-00127,GG-CL-0064,Bella King,GG-PROV-004,Sasha Reed,SVC-006,Gel Manicure,Nails,2026-04-14,17:30,18:25,55,completed,53,0,9.54,62.54,VMB invite,2026-03-25,,Slow slot fill
GG-APT-00128,GG-CL-0038,Aria Thompson,GG-PROV-001,Mia Carter,SVC-006,Gel Manicure,Nails,2026-04-14,13:30,14:25,55,completed,53,0,7.95,60.95,Instagram DM,2026-04-09,,Slow slot fill
GG-APT-00129,GG-CL-0077,Layla Adams,GG-PROV-005,Bri Ellis,SVC-008,Brow Wax,Wax,2026-04-14,09:00,09:20,20,completed,28,0,5.6,33.6,Rebooked at checkout,2026-04-13,,
GG-APT-00130,GG-CL-0090,Penelope Torres,GG-PROV-005,Bri Ellis,SVC-009,Lash Lift,Lashes,2026-04-14,13:30,14:30,60,completed,95,0,14.25,109.25,Online booking,2026-04-02,,Upsell gloss next time
GG-APT-00131,GG-CL-0047,Stella Nguyen,GG-PROV-001,Mia Carter,SVC-007,Spa Pedicure,Nails,2026-04-14,10:00,11:00,60,completed,87,10,10.44,87.44,Rebooked at checkout,2026-03-25,,Potential referral
GG-APT-00132,GG-CL-0101,Bella Young,GG-PROV-004,Sasha Reed,SVC-008,Brow Wax,Wax,2026-04-14,16:30,16:50,20,completed,28,0,0,28,Instagram DM,2026-04-09,,Potential referral
GG-APT-00133,GG-CL-0029,Aurora Thompson,GG-PROV-003,Tori Nguyen,SVC-010,Facial,Skin,2026-04-15,09:00,10:15,75,completed,115,0,0,115,VMB invite,2026-04-02,,Upsell gloss next time
GG-APT-00134,GG-CL-0054,Violet Sanchez,GG-PROV-005,Bri Ellis,SVC-008,Brow Wax,Wax,2026-04-15,12:30,12:50,20,completed,28,0,0,28,Phone,2026-04-14,,Upsell gloss next time
GG-APT-00135,GG-CL-0019,Brooklyn Young,GG-PROV-001,Mia Carter,SVC-008,Brow Wax,Wax,2026-04-15,11:00,11:20,20,completed,28,0,3.36,31.36,Instagram DM,2026-04-13,,Slow slot fill
GG-APT-00136,GG-CL-0034,Kennedy Jones,GG-PROV-003,Tori Nguyen,SVC-002,Blowout,Hair,2026-04-15,10:00,10:45,45,completed,90,0,16.2,106.2,Text request,2026-03-30,,Wedding guest
GG-APT-00137,GG-CL-0067,Violet Walker,GG-PROV-004,Sasha Reed,SVC-002,Blowout,Hair,2026-04-15,15:30,16:15,45,completed,65,0,13.0,78.0,Online booking,2026-04-12,,Upsell gloss next time
GG-APT-00138,GG-CL-0113,Ava Green,GG-PROV-004,Sasha Reed,SVC-005,Gloss / Toner,Color,2026-04-15,15:30,16:15,45,completed,110,0,22.0,132.0,Online booking,2026-04-10,,Potential referral
GG-APT-00139,GG-CL-0005,Chloe Walker,GG-PROV-004,Sasha Reed,SVC-006,Gel Manicure,Nails,2026-04-15,12:30,13:25,55,completed,73,0,10.95,83.95,Online booking,2026-04-05,,Potential referral
GG-APT-00140,GG-CL-0125,Audrey Jones,GG-PROV-002,Janelle Brooks,SVC-003,Root Touch-Up,Color,2026-04-15,13:30,15:00,90,no_show,140,0,0,0,Text request,2026-04-07,,Slow slot fill
GG-APT-00141,GG-CL-0054,Violet Sanchez,GG-PROV-005,Bri Ellis,SVC-002,Blowout,Hair,2026-04-15,12:30,13:15,45,completed,65,0,11.7,76.7,VMB invite,2026-03-19,,Potential referral
GG-APT-00142,GG-CL-0040,Abigail Walker,GG-PROV-005,Bri Ellis,SVC-007,Spa Pedicure,Nails,2026-04-16,11:00,12:00,60,rescheduled,97,0,0,0,Online booking,2026-04-11,,
GG-APT-00143,GG-CL-0113,Ava Green,GG-PROV-002,Janelle Brooks,SVC-001,Women's Haircut,Hair,2026-04-16,12:30,13:30,60,completed,100,0,0,100,Phone,2026-04-10,,Potential referral
GG-APT-00144,GG-CL-0082,Evelyn Martinez,GG-PROV-001,Mia Carter,SVC-001,Women's Haircut,Hair,2026-04-16,12:30,13:30,60,completed,100,0,20.0,120.0,Instagram DM,2026-03-29,,Upsell gloss next time
GG-APT-00145,GG-CL-0037,Isabella Campbell,GG-PROV-001,Mia Carter,SVC-007,Spa Pedicure,Nails,2026-04-16,09:00,10:00,60,completed,72,0,8.64,80.64,Phone,2026-04-10,,Potential referral
GG-APT-00146,GG-CL-0117,Camila Carter,GG-PROV-002,Janelle Brooks,SVC-003,Root Touch-Up,Color,2026-04-16,09:00,10:30,90,completed,125,0,25.0,150.0,Text request,2026-03-25,,Slow slot fill
GG-APT-00147,GG-CL-0059,Violet Nelson,GG-PROV-003,Tori Nguyen,SVC-004,Balayage,Color,2026-04-16,16:30,19:00,150,completed,270,0,54.0,324.0,Online booking,2026-04-16,,Upsell gloss next time
GG-APT-00148,GG-CL-0037,Isabella Campbell,GG-PROV-003,Tori Nguyen,SVC-002,Blowout,Hair,2026-04-16,16:30,17:15,45,completed,70,0,10.5,80.5,Text request,2026-04-08,,Slow slot fill
GG-APT-00149,GG-CL-0116,Ella Williams,GG-PROV-001,Mia Carter,SVC-010,Facial,Skin,2026-04-16,15:30,16:45,75,completed,125,0,31.25,156.25,Online booking,2026-03-27,,Wedding guest
GG-APT-00150,GG-CL-0050,Anna Walker,GG-PROV-001,Mia Carter,SVC-010,Facial,Skin,2026-04-16,12:30,13:45,75,completed,120,0,30.0,150.0,Instagram DM,2026-03-26,,Potential referral
GG-APT-00151,GG-CL-0024,Leah Moore,GG-PROV-003,Tori Nguyen,SVC-002,Blowout,Hair,2026-04-16,16:30,17:15,45,completed,65,0,16.25,81.25,Rebooked at checkout,2026-03-26,,Potential referral
GG-APT-00152,GG-CL-0054,Violet Sanchez,GG-PROV-003,Tori Nguyen,SVC-006,Gel Manicure,Nails,2026-04-16,13:30,14:25,55,completed,58,0,10.44,68.44,Instagram DM,2026-04-15,,Slow slot fill
GG-APT-00153,GG-CL-0061,Hazel Miller,GG-PROV-002,Janelle Brooks,SVC-009,Lash Lift,Lashes,2026-04-16,10:00,11:00,60,completed,105,0,21.0,126.0,Online booking,2026-03-20,,
GG-APT-00154,GG-CL-0073,Ava Nguyen,GG-PROV-004,Sasha Reed,SVC-003,Root Touch-Up,Color,2026-04-16,14:30,16:00,90,cancelled,125,0,0,0,Instagram DM,2026-04-06,2026-04-15,Potential referral
GG-APT-00155,GG-CL-0082,Evelyn Martinez,GG-PROV-001,Mia Carter,SVC-001,Women's Haircut,Hair,2026-04-16,16:30,17:30,60,completed,85,0,10.2,95.2,Rebooked at checkout,2026-04-01,,
GG-APT-00156,GG-CL-0055,Victoria Gonzalez,GG-PROV-004,Sasha Reed,SVC-007,Spa Pedicure,Nails,2026-04-16,09:00,10:00,60,completed,97,0,11.64,108.64,Online booking,2026-03-19,,Potential referral
GG-APT-00157,GG-CL-0029,Aurora Thompson,GG-PROV-003,Tori Nguyen,SVC-005,Gloss / Toner,Color,2026-04-16,11:00,11:45,45,completed,105,0,21.0,126.0,Rebooked at checkout,2026-04-14,,
GG-APT-00158,GG-CL-0077,Layla Adams,GG-PROV-005,Bri Ellis,SVC-006,Gel Manicure,Nails,2026-04-16,15:30,16:25,55,completed,58,0,8.7,66.7,Instagram DM,2026-04-05,,
GG-APT-00159,GG-CL-0017,Emilia Taylor,GG-PROV-002,Janelle Brooks,SVC-001,Women's Haircut,Hair,2026-04-17,17:30,18:30,60,completed,80,0,12.0,92.0,Online booking,2026-04-05,,Slow slot fill
GG-APT-00160,GG-CL-0077,Layla Adams,GG-PROV-001,Mia Carter,SVC-002,Blowout,Hair,2026-04-17,09:00,09:45,45,completed,60,0,10.8,70.8,Online booking,2026-03-31,,Potential referral
GG-APT-00161,GG-CL-0039,Ava White,GG-PROV-004,Sasha Reed,SVC-002,Blowout,Hair,2026-04-17,17:30,18:15,45,completed,65,0,11.7,76.7,Online booking,2026-04-01,,Slow slot fill
GG-APT-00162,GG-CL-0064,Bella King,GG-PROV-002,Janelle Brooks,SVC-010,Facial,Skin,2026-04-17,12:30,13:45,75,rescheduled,120,0,0,0,Rebooked at checkout,2026-04-06,,Slow slot fill
GG-APT-00163,GG-CL-0053,Natalie Rodriguez,GG-PROV-003,Tori Nguyen,SVC-003,Root Touch-Up,Color,2026-04-17,09:00,10:30,90,completed,140,0,16.8,156.8,Instagram DM,2026-04-07,,
GG-APT-00164,GG-CL-0107,Everly Nguyen,GG-PROV-005,Bri Ellis,SVC-008,Brow Wax,Wax,2026-04-17,11:00,11:20,20,completed,53,0,0,53,Online booking,2026-03-20,,Potential referral
GG-APT-00165,GG-CL-0060,Abigail Thompson,GG-PROV-001,Mia Carter,SVC-002,Blowout,Hair,2026-04-17,11:00,11:45,45,completed,65,0,9.75,74.75,Text request,2026-04-04,,Slow slot fill
GG-APT-00166,GG-CL-0110,Emma Perez,GG-PROV-002,Janelle Brooks,SVC-003,Root Touch-Up,Color,2026-04-17,14:30,16:00,90,completed,140,0,28.0,168.0,Phone,2026-04-15,,Potential referral
GG-APT-00167,GG-CL-0124,Leah Johnson,GG-PROV-004,Sasha Reed,SVC-005,Gloss / Toner,Color,2026-04-17,15:30,16:15,45,cancelled,110,0,0,0,Phone,2026-03-20,2026-04-16,
GG-APT-00168,GG-CL-0017,Emilia Taylor,GG-PROV-001,Mia Carter,SVC-003,Root Touch-Up,Color,2026-04-17,10:00,11:30,90,completed,140,0,28.0,168.0,Rebooked at checkout,2026-03-29,,Wedding guest
GG-APT-00169,GG-CL-0118,Penelope Flores,GG-PROV-004,Sasha Reed,SVC-002,Blowout,Hair,2026-04-17,15:30,16:15,45,completed,55,0,0,55,Text request,2026-04-17,,Slow slot fill
GG-APT-00170,GG-CL-0029,Aurora Thompson,GG-PROV-003,Tori Nguyen,SVC-009,Lash Lift,Lashes,2026-04-17,17:30,18:30,60,cancelled,90,0,0,0,Phone,2026-04-10,2026-04-14,Potential referral
GG-APT-00171,GG-CL-0085,Bella Hernandez,GG-PROV-004,Sasha Reed,SVC-003,Root Touch-Up,Color,2026-04-17,17:30,19:00,90,completed,115,0,0,115,Rebooked at checkout,2026-04-01,,Wedding guest
GG-APT-00172,GG-CL-0042,Scarlett Nelson,GG-PROV-002,Janelle Brooks,SVC-006,Gel Manicure,Nails,2026-04-17,13:30,14:25,55,completed,83,0,9.96,92.96,Instagram DM,2026-04-05,,
GG-APT-00173,GG-CL-0012,Abigail Moore,GG-PROV-004,Sasha Reed,SVC-008,Brow Wax,Wax,2026-04-18,14:30,14:50,20,completed,43,0,10.75,53.75,Online booking,2026-04-06,,Wedding guest
GG-APT-00174,GG-CL-0102,Victoria Campbell,GG-PROV-005,Bri Ellis,SVC-010,Facial,Skin,2026-04-18,13:30,14:45,75,completed,145,0,17.4,162.4,Instagram DM,2026-04-08,,Potential referral
GG-APT-00175,GG-CL-0072,Grace Walker,GG-PROV-005,Bri Ellis,SVC-010,Facial,Skin,2026-04-18,16:30,17:45,75,cancelled,125,0,0,0,Online booking,2026-04-15,2026-04-17,
GG-APT-00176,GG-CL-0044,Caroline Wilson,GG-PROV-003,Tori Nguyen,SVC-005,Gloss / Toner,Color,2026-04-18,17:30,18:15,45,completed,100,10,25.0,115.0,Instagram DM,2026-04-14,,Slow slot fill
GG-APT-00177,GG-CL-0025,Ava Rodriguez,GG-PROV-001,Mia Carter,SVC-007,Spa Pedicure,Nails,2026-04-18,12:30,13:30,60,completed,72,0,18.0,90.0,Instagram DM,2026-04-17,,Slow slot fill
GG-APT-00178,GG-CL-0085,Bella Hernandez,GG-PROV-005,Bri Ellis,SVC-009,Lash Lift,Lashes,2026-04-18,11:00,12:00,60,completed,85,0,17.0,102.0,VMB invite,2026-04-05,,Upsell gloss next time
GG-APT-00179,GG-CL-0023,Savannah Lee,GG-PROV-002,Janelle Brooks,SVC-002,Blowout,Hair,2026-04-18,15:30,16:15,45,completed,70,0,14.0,84.0,Instagram DM,2026-03-30,,Slow slot fill
GG-APT-00180,GG-CL-0058,Genesis Perez,GG-PROV-002,Janelle Brooks,SVC-003,Root Touch-Up,Color,2026-04-18,15:30,17:00,90,completed,150,0,22.5,172.5,VMB invite,2026-03-22,,Potential referral
GG-APT-00181,GG-CL-0080,Ellie Taylor,GG-PROV-003,Tori Nguyen,SVC-006,Gel Manicure,Nails,2026-04-18,11:00,11:55,55,cancelled,58,0,0,0,Phone,2026-03-29,2026-04-16,Slow slot fill
GG-APT-00182,GG-CL-0015,Aria Wilson,GG-PROV-003,Tori Nguyen,SVC-009,Lash Lift,Lashes,2026-04-18,16:30,17:30,60,completed,105,0,26.25,131.25,VMB invite,2026-04-09,,Wedding guest
GG-APT-00183,GG-CL-0019,Brooklyn Young,GG-PROV-001,Mia Carter,SVC-001,Women's Haircut,Hair,2026-04-18,12:30,13:30,60,completed,85,0,12.75,97.75,Rebooked at checkout,2026-03-23,,
GG-APT-00184,GG-CL-0046,Nova Wright,GG-PROV-004,Sasha Reed,SVC-002,Blowout,Hair,2026-04-18,17:30,18:15,45,completed,90,0,16.2,106.2,Phone,2026-04-09,,Slow slot fill
GG-APT-00185,GG-CL-0123,Everly Perez,GG-PROV-003,Tori Nguyen,SVC-009,Lash Lift,Lashes,2026-04-18,09:00,10:00,60,completed,95,0,11.4,106.4,Instagram DM,2026-03-23,,
GG-APT-00186,GG-CL-0026,Olivia White,GG-PROV-002,Janelle Brooks,SVC-005,Gloss / Toner,Color,2026-04-18,16:30,17:15,45,completed,90,0,10.8,100.8,Phone,2026-04-02,,
GG-APT-00187,GG-CL-0034,Kennedy Jones,GG-PROV-002,Janelle Brooks,SVC-003,Root Touch-Up,Color,2026-04-18,13:30,15:00,90,completed,130,0,23.4,153.4,Rebooked at checkout,2026-04-17,,
GG-APT-00188,GG-CL-0063,Amelia Nelson,GG-PROV-005,Bri Ellis,SVC-009,Lash Lift,Lashes,2026-04-18,14:30,15:30,60,completed,100,0,20.0,120.0,Rebooked at checkout,2026-04-02,,
GG-APT-00189,GG-CL-0052,Lily Rivera,GG-PROV-001,Mia Carter,SVC-006,Gel Manicure,Nails,2026-04-18,12:30,13:25,55,completed,63,0,9.45,72.45,Rebooked at checkout,2026-03-25,,Upsell gloss next time
GG-APT-00190,GG-CL-0015,Aria Wilson,GG-PROV-003,Tori Nguyen,SVC-008,Brow Wax,Wax,2026-04-18,12:30,12:50,20,completed,28,0,0,28,Text request,2026-04-06,,
GG-APT-00191,GG-CL-0048,Ava Wright,GG-PROV-005,Bri Ellis,SVC-009,Lash Lift,Lashes,2026-04-20,16:30,17:30,60,completed,85,0,12.75,97.75,Rebooked at checkout,2026-04-10,,Upsell gloss next time
GG-APT-00192,GG-CL-0069,Emilia Adams,GG-PROV-001,Mia Carter,SVC-002,Blowout,Hair,2026-04-20,12:30,13:15,45,completed,65,0,16.25,81.25,Online booking,2026-04-14,,Upsell gloss next time
GG-APT-00193,GG-CL-0004,Amelia Sanchez,GG-PROV-004,Sasha Reed,SVC-006,Gel Manicure,Nails,2026-04-20,09:00,09:55,55,completed,53,0,0,53,Text request,2026-04-03,,
GG-APT-00194,GG-CL-0050,Anna Walker,GG-PROV-004,Sasha Reed,SVC-007,Spa Pedicure,Nails,2026-04-20,15:30,16:30,60,completed,62,0,11.16,73.16,VMB invite,2026-04-20,,Slow slot fill
GG-APT-00195,GG-CL-0090,Penelope Torres,GG-PROV-001,Mia Carter,SVC-006,Gel Manicure,Nails,2026-04-20,17:30,18:25,55,completed,58,0,14.5,72.5,Online booking,2026-04-11,,Wedding guest
GG-APT-00196,GG-CL-0021,Caroline Perez,GG-PROV-005,Bri Ellis,SVC-004,Balayage,Color,2026-04-20,11:00,13:30,150,no_show,255,0,0,0,VMB invite,2026-04-11,,Slow slot fill
GG-APT-00197,GG-CL-0019,Brooklyn Young,GG-PROV-003,Tori Nguyen,SVC-006,Gel Manicure,Nails,2026-04-20,09:00,09:55,55,completed,83,0,9.96,92.96,Online booking,2026-04-02,,Upsell gloss next time
GG-APT-00198,GG-CL-0027,Abigail Gonzalez,GG-PROV-003,Tori Nguyen,SVC-004,Balayage,Color,2026-04-20,15:30,18:00,150,completed,270,0,32.4,302.4,Rebooked at checkout,2026-04-01,,Potential referral
GG-APT-00199,GG-CL-0109,Penelope Garcia,GG-PROV-005,Bri Ellis,SVC-008,Brow Wax,Wax,2026-04-20,17:30,17:50,20,completed,28,5,7.0,30.0,Rebooked at checkout,2026-03-28,,Upsell gloss next time
GG-APT-00200,GG-CL-0086,Lucy Nelson,GG-PROV-002,Janelle Brooks,SVC-002,Blowout,Hair,2026-04-20,13:30,14:15,45,completed,60,0,7.2,67.2,Instagram DM,2026-04-10,,Upsell gloss next time
GG-APT-00201,GG-CL-0073,Ava Nguyen,GG-PROV-003,Tori Nguyen,SVC-006,Gel Manicure,Nails,2026-04-20,15:30,16:25,55,completed,48,0,7.2,55.2,Rebooked at checkout,2026-03-29,,Slow slot fill
GG-APT-00202,GG-CL-0087,Evelyn Hall,GG-PROV-003,Tori Nguyen,SVC-008,Brow Wax,Wax,2026-04-20,16:30,16:50,20,completed,33,0,4.95,37.95,Online booking,2026-04-15,,Slow slot fill
GG-APT-00203,GG-CL-0115,Olivia White,GG-PROV-005,Bri Ellis,SVC-004,Balayage,Color,2026-04-20,13:30,16:00,150,cancelled,240,0,0,0,Online booking,2026-03-24,2026-04-20,Upsell gloss next time
GG-APT-00204,GG-CL-0075,Aurora Harris,GG-PROV-004,Sasha Reed,SVC-010,Facial,Skin,2026-04-20,12:30,13:45,75,completed,145,0,21.75,166.75,VMB invite,2026-04-05,,Slow slot fill
GG-APT-00205,GG-CL-0094,Madison Lee,GG-PROV-003,Tori Nguyen,SVC-003,Root Touch-Up,Color,2026-04-21,16:30,18:00,90,completed,150,0,0,150,VMB invite,2026-04-21,,Slow slot fill
GG-APT-00206,GG-CL-0097,Riley Carter,GG-PROV-005,Bri Ellis,SVC-003,Root Touch-Up,Color,2026-04-21,16:30,18:00,90,completed,125,0,25.0,150.0,Phone,2026-03-25,,
GG-APT-00207,GG-CL-0098,Charlotte Hernandez,GG-PROV-004,Sasha Reed,SVC-004,Balayage,Color,2026-04-21,10:00,12:30,150,completed,250,10,30.0,270.0,VMB invite,2026-03-27,,Potential referral
GG-APT-00208,GG-CL-0006,Skylar Rivera,GG-PROV-003,Tori Nguyen,SVC-002,Blowout,Hair,2026-04-21,17:30,18:15,45,completed,65,0,16.25,81.25,VMB invite,2026-04-03,,
GG-APT-00209,GG-CL-0084,Olivia Mitchell,GG-PROV-001,Mia Carter,SVC-009,Lash Lift,Lashes,2026-04-21,13:30,14:30,60,completed,95,0,19.0,114.0,Text request,2026-04-06,,Wedding guest
GG-APT-00210,GG-CL-0022,Grace Martinez,GG-PROV-002,Janelle Brooks,SVC-002,Blowout,Hair,2026-04-21,17:30,18:15,45,completed,65,0,7.8,72.8,Rebooked at checkout,2026-04-10,,Upsell gloss next time
GG-APT-00211,GG-CL-0093,Madison Roberts,GG-PROV-001,Mia Carter,SVC-008,Brow Wax,Wax,2026-04-21,16:30,16:50,20,completed,28,0,5.6,33.6,Instagram DM,2026-04-21,,
GG-APT-00212,GG-CL-0115,Olivia White,GG-PROV-005,Bri Ellis,SVC-003,Root Touch-Up,Color,2026-04-22,09:00,10:30,90,completed,125,0,15.0,140.0,Instagram DM,2026-04-03,,Upsell gloss next time
GG-APT-00213,GG-CL-0028,Ella Walker,GG-PROV-004,Sasha Reed,SVC-010,Facial,Skin,2026-04-22,16:30,17:45,75,completed,120,0,14.4,134.4,VMB invite,2026-04-18,,Upsell gloss next time
GG-APT-00214,GG-CL-0022,Grace Martinez,GG-PROV-003,Tori Nguyen,SVC-008,Brow Wax,Wax,2026-04-22,10:00,10:20,20,completed,38,0,6.84,44.84,Online booking,2026-04-16,,Upsell gloss next time
GG-APT-00215,GG-CL-0013,Victoria Thomas,GG-PROV-002,Janelle Brooks,SVC-008,Brow Wax,Wax,2026-04-22,09:00,09:20,20,completed,53,10,0,43,VMB invite,2026-04-05,,
GG-APT-00216,GG-CL-0090,Penelope Torres,GG-PROV-005,Bri Ellis,SVC-007,Spa Pedicure,Nails,2026-04-22,12:30,13:30,60,completed,82,0,12.3,94.3,Phone,2026-03-29,,Slow slot fill
GG-APT-00217,GG-CL-0062,Savannah Martinez,GG-PROV-002,Janelle Brooks,SVC-002,Blowout,Hair,2026-04-22,13:30,14:15,45,completed,90,0,16.2,106.2,Online booking,2026-03-31,,Slow slot fill
GG-APT-00218,GG-CL-0001,Skylar Rodriguez,GG-PROV-004,Sasha Reed,SVC-004,Balayage,Color,2026-04-22,14:30,17:00,150,completed,250,0,0,250,Phone,2026-04-04,,Potential referral
GG-APT-00219,GG-CL-0047,Stella Nguyen,GG-PROV-005,Bri Ellis,SVC-005,Gloss / Toner,Color,2026-04-22,15:30,16:15,45,no_show,95,0,0,0,VMB invite,2026-04-07,,
GG-APT-00220,GG-CL-0048,Ava Wright,GG-PROV-005,Bri Ellis,SVC-009,Lash Lift,Lashes,2026-04-22,16:30,17:30,60,completed,95,0,19.0,114.0,Phone,2026-04-10,,Slow slot fill
GG-APT-00221,GG-CL-0058,Genesis Perez,GG-PROV-002,Janelle Brooks,SVC-002,Blowout,Hair,2026-04-22,12:30,13:15,45,completed,75,0,11.25,86.25,VMB invite,2026-03-31,,Slow slot fill
GG-APT-00222,GG-CL-0106,Ellie Williams,GG-PROV-002,Janelle Brooks,SVC-008,Brow Wax,Wax,2026-04-22,15:30,15:50,20,completed,23,0,3.45,26.45,Online booking,2026-04-03,,
GG-APT-00223,GG-CL-0084,Olivia Mitchell,GG-PROV-005,Bri Ellis,SVC-005,Gloss / Toner,Color,2026-04-22,09:00,09:45,45,rescheduled,95,0,0,0,Instagram DM,2026-04-22,,
GG-APT-00224,GG-CL-0109,Penelope Garcia,GG-PROV-005,Bri Ellis,SVC-005,Gloss / Toner,Color,2026-04-23,12:30,13:15,45,completed,120,0,24.0,144.0,VMB invite,2026-04-18,,Slow slot fill
GG-APT-00225,GG-CL-0012,Abigail Moore,GG-PROV-003,Tori Nguyen,SVC-007,Spa Pedicure,Nails,2026-04-23,14:30,15:30,60,completed,82,0,14.76,96.76,VMB invite,2026-04-23,,Slow slot fill
GG-APT-00226,GG-CL-0093,Madison Roberts,GG-PROV-005,Bri Ellis,SVC-010,Facial,Skin,2026-04-23,14:30,15:45,75,completed,120,0,14.4,134.4,Rebooked at checkout,2026-04-09,,Wedding guest
GG-APT-00227,GG-CL-0065,Evelyn Robinson,GG-PROV-001,Mia Carter,SVC-009,Lash Lift,Lashes,2026-04-23,10:00,11:00,60,completed,95,0,14.25,109.25,VMB invite,2026-04-15,,Upsell gloss next time
GG-APT-00228,GG-CL-0073,Ava Nguyen,GG-PROV-004,Sasha Reed,SVC-004,Balayage,Color,2026-04-23,14:30,17:00,150,rescheduled,260,0,0,0,VMB invite,2026-03-27,,
GG-APT-00229,GG-CL-0062,Savannah Martinez,GG-PROV-001,Mia Carter,SVC-005,Gloss / Toner,Color,2026-04-23,10:00,10:45,45,completed,95,0,23.75,118.75,Text request,2026-04-10,,Potential referral
GG-APT-00230,GG-CL-0037,Isabella Campbell,GG-PROV-001,Mia Carter,SVC-007,Spa Pedicure,Nails,2026-04-23,14:30,15:30,60,completed,97,0,11.64,108.64,Text request,2026-04-17,,Upsell gloss next time
GG-APT-00231,GG-CL-0095,Savannah Baker,GG-PROV-002,Janelle Brooks,SVC-004,Balayage,Color,2026-04-23,12:30,15:00,150,completed,245,0,29.4,274.4,Rebooked at checkout,2026-03-28,,Upsell gloss next time
GG-APT-00232,GG-CL-0118,Penelope Flores,GG-PROV-001,Mia Carter,SVC-008,Brow Wax,Wax,2026-04-23,09:00,09:20,20,rescheduled,53,0,0,0,Instagram DM,2026-04-12,,Upsell gloss next time
GG-APT-00233,GG-CL-0041,Zoey Anderson,GG-PROV-004,Sasha Reed,SVC-010,Facial,Skin,2026-04-23,13:30,14:45,75,completed,120,0,24.0,144.0,Rebooked at checkout,2026-03-30,,Upsell gloss next time
GG-APT-00234,GG-CL-0121,Ellie Roberts,GG-PROV-005,Bri Ellis,SVC-001,Women's Haircut,Hair,2026-04-23,17:30,18:30,60,completed,95,0,23.75,118.75,Instagram DM,2026-04-20,,Slow slot fill
GG-APT-00235,GG-CL-0087,Evelyn Hall,GG-PROV-002,Janelle Brooks,SVC-007,Spa Pedicure,Nails,2026-04-23,10:00,11:00,60,completed,77,0,15.4,92.4,Rebooked at checkout,2026-04-06,,Potential referral
GG-APT-00236,GG-CL-0047,Stella Nguyen,GG-PROV-002,Janelle Brooks,SVC-008,Brow Wax,Wax,2026-04-23,15:30,15:50,20,completed,38,0,9.5,47.5,Text request,2026-03-27,,Wedding guest
GG-APT-00237,GG-CL-0074,Charlotte Adams,GG-PROV-002,Janelle Brooks,SVC-002,Blowout,Hair,2026-04-23,13:30,14:15,45,completed,90,0,16.2,106.2,Rebooked at checkout,2026-04-19,,Slow slot fill
GG-APT-00238,GG-CL-0054,Violet Sanchez,GG-PROV-004,Sasha Reed,SVC-003,Root Touch-Up,Color,2026-04-23,17:30,19:00,90,completed,130,0,23.4,153.4,VMB invite,2026-03-27,,Upsell gloss next time
GG-APT-00239,GG-CL-0028,Ella Walker,GG-PROV-003,Tori Nguyen,SVC-008,Brow Wax,Wax,2026-04-23,10:00,10:20,20,completed,33,0,4.95,37.95,VMB invite,2026-04-06,,Potential referral
GG-APT-00240,GG-CL-0026,Olivia White,GG-PROV-005,Bri Ellis,SVC-010,Facial,Skin,2026-04-24,17:30,18:45,75,completed,120,0,18.0,138.0,VMB invite,2026-04-09,,Slow slot fill
GG-APT-00241,GG-CL-0037,Isabella Campbell,GG-PROV-004,Sasha Reed,SVC-003,Root Touch-Up,Color,2026-04-24,11:00,12:30,90,completed,130,0,23.4,153.4,VMB invite,2026-04-12,,
GG-APT-00242,GG-CL-0041,Zoey Anderson,GG-PROV-003,Tori Nguyen,SVC-005,Gloss / Toner,Color,2026-04-24,15:30,16:15,45,completed,110,0,16.5,126.5,VMB invite,2026-04-10,,Wedding guest
GG-APT-00243,GG-CL-0094,Madison Lee,GG-PROV-002,Janelle Brooks,SVC-005,Gloss / Toner,Color,2026-04-24,10:00,10:45,45,completed,95,5,17.1,107.1,Instagram DM,2026-04-07,,
GG-APT-00244,GG-CL-0014,Nora Jones,GG-PROV-003,Tori Nguyen,SVC-010,Facial,Skin,2026-04-24,11:00,12:15,75,completed,130,0,19.5,149.5,Phone,2026-04-15,,Wedding guest
GG-APT-00245,GG-CL-0005,Chloe Walker,GG-PROV-003,Tori Nguyen,SVC-006,Gel Manicure,Nails,2026-04-24,16:30,17:25,55,completed,83,0,12.45,95.45,Rebooked at checkout,2026-04-02,,Upsell gloss next time
GG-APT-00246,GG-CL-0056,Lily Rivera,GG-PROV-005,Bri Ellis,SVC-009,Lash Lift,Lashes,2026-04-24,13:30,14:30,60,completed,110,0,22.0,132.0,Online booking,2026-04-10,,Potential referral
GG-APT-00247,GG-CL-0002,Mia Anderson,GG-PROV-001,Mia Carter,SVC-009,Lash Lift,Lashes,2026-04-24,11:00,12:00,60,completed,95,0,17.1,112.1,Phone,2026-04-09,,Wedding guest
GG-APT-00248,GG-CL-0077,Layla Adams,GG-PROV-002,Janelle Brooks,SVC-001,Women's Haircut,Hair,2026-04-24,17:30,18:30,60,completed,85,0,15.3,100.3,Instagram DM,2026-04-12,,
GG-APT-00249,GG-CL-0029,Aurora Thompson,GG-PROV-003,Tori Nguyen,SVC-002,Blowout,Hair,2026-04-24,15:30,16:15,45,completed,65,0,13.0,78.0,VMB invite,2026-03-30,,Slow slot fill
GG-APT-00250,GG-CL-0053,Natalie Rodriguez,GG-PROV-002,Janelle Brooks,SVC-002,Blowout,Hair,2026-04-24,11:00,11:45,45,completed,65,0,0,65,VMB invite,2026-04-10,,Potential referral
GG-APT-00251,GG-CL-0020,Amelia Nguyen,GG-PROV-001,Mia Carter,SVC-009,Lash Lift,Lashes,2026-04-24,09:00,10:00,60,completed,90,0,13.5,103.5,Phone,2026-04-10,,Slow slot fill
GG-APT-00252,GG-CL-0064,Bella King,GG-PROV-002,Janelle Brooks,SVC-006,Gel Manicure,Nails,2026-04-24,15:30,16:25,55,completed,73,0,10.95,83.95,Online booking,2026-04-14,,
GG-APT-00253,GG-CL-0070,Violet Ramirez,GG-PROV-004,Sasha Reed,SVC-003,Root Touch-Up,Color,2026-04-24,12:30,14:00,90,completed,135,0,0,135,Phone,2026-04-17,,Wedding guest
GG-APT-00254,GG-CL-0059,Violet Nelson,GG-PROV-001,Mia Carter,SVC-009,Lash Lift,Lashes,2026-04-24,12:30,13:30,60,completed,105,0,26.25,131.25,Text request,2026-04-19,,Slow slot fill
GG-APT-00255,GG-CL-0016,Charlotte Taylor,GG-PROV-003,Tori Nguyen,SVC-008,Brow Wax,Wax,2026-04-24,13:30,13:50,20,completed,33,0,0,33,Rebooked at checkout,2026-04-21,,
GG-APT-00256,GG-CL-0075,Aurora Harris,GG-PROV-001,Mia Carter,SVC-007,Spa Pedicure,Nails,2026-04-24,12:30,13:30,60,completed,62,0,12.4,74.4,Instagram DM,2026-04-02,,Upsell gloss next time
GG-APT-00257,GG-CL-0021,Caroline Perez,GG-PROV-004,Sasha Reed,SVC-002,Blowout,Hair,2026-04-24,14:30,15:15,45,rescheduled,55,10,0,0,Phone,2026-04-07,,
GG-APT-00258,GG-CL-0017,Emilia Taylor,GG-PROV-004,Sasha Reed,SVC-004,Balayage,Color,2026-04-24,14:30,17:00,150,completed,250,0,45.0,295.0,Online booking,2026-04-02,,Wedding guest
GG-APT-00259,GG-CL-0063,Amelia Nelson,GG-PROV-004,Sasha Reed,SVC-009,Lash Lift,Lashes,2026-04-25,13:30,14:30,60,completed,110,0,13.2,123.2,VMB invite,2026-04-14,,Potential referral
GG-APT-00260,GG-CL-0021,Caroline Perez,GG-PROV-001,Mia Carter,SVC-009,Lash Lift,Lashes,2026-04-25,11:00,12:00,60,completed,95,0,14.25,109.25,Instagram DM,2026-04-25,,Slow slot fill
GG-APT-00261,GG-CL-0080,Ellie Taylor,GG-PROV-003,Tori Nguyen,SVC-010,Facial,Skin,2026-04-25,12:30,13:45,75,completed,115,0,28.75,143.75,Instagram DM,2026-04-19,,Upsell gloss next time
GG-APT-00262,GG-CL-0037,Isabella Campbell,GG-PROV-003,Tori Nguyen,SVC-007,Spa Pedicure,Nails,2026-04-25,14:30,15:30,60,completed,67,0,13.4,80.4,Online booking,2026-03-30,,
GG-APT-00263,GG-CL-0063,Amelia Nelson,GG-PROV-002,Janelle Brooks,SVC-002,Blowout,Hair,2026-04-25,09:00,09:45,45,completed,75,0,18.75,93.75,VMB invite,2026-04-03,,Upsell gloss next time
GG-APT-00264,GG-CL-0092,Audrey Flores,GG-PROV-001,Mia Carter,SVC-001,Women's Haircut,Hair,2026-04-25,12:30,13:30,60,completed,100,0,0,100,Phone,2026-04-24,,Potential referral
GG-APT-00265,GG-CL-0102,Victoria Campbell,GG-PROV-001,Mia Carter,SVC-010,Facial,Skin,2026-04-25,13:30,14:45,75,completed,110,15,27.5,122.5,Online booking,2026-04-19,,Upsell gloss next time
GG-APT-00266,GG-CL-0050,Anna Walker,GG-PROV-002,Janelle Brooks,SVC-004,Balayage,Color,2026-04-25,17:30,20:00,150,completed,245,0,49.0,294.0,Rebooked at checkout,2026-04-08,,Slow slot fill
GG-APT-00267,GG-CL-0086,Lucy Nelson,GG-PROV-004,Sasha Reed,SVC-002,Blowout,Hair,2026-04-27,11:00,11:45,45,completed,90,0,16.2,106.2,Phone,2026-04-22,,Upsell gloss next time
GG-APT-00268,GG-CL-0071,Grace Baker,GG-PROV-003,Tori Nguyen,SVC-006,Gel Manicure,Nails,2026-04-27,15:30,16:25,55,rescheduled,68,0,0,0,Text request,2026-04-08,,
GG-APT-00269,GG-CL-0073,Ava Nguyen,GG-PROV-005,Bri Ellis,SVC-004,Balayage,Color,2026-04-27,15:30,18:00,150,rescheduled,270,0,0,0,Text request,2026-04-16,,Wedding guest
GG-APT-00270,GG-CL-0058,Genesis Perez,GG-PROV-004,Sasha Reed,SVC-001,Women's Haircut,Hair,2026-04-27,09:00,10:00,60,completed,75,0,15.0,90.0,Text request,2026-04-27,,Potential referral
GG-APT-00271,GG-CL-0099,Audrey Nelson,GG-PROV-003,Tori Nguyen,SVC-009,Lash Lift,Lashes,2026-04-27,17:30,18:30,60,completed,95,15,0,80,Rebooked at checkout,2026-04-23,,Potential referral
GG-APT-00272,GG-CL-0033,Mia Martin,GG-PROV-003,Tori Nguyen,SVC-002,Blowout,Hair,2026-04-27,15:30,16:15,45,completed,65,15,16.25,66.25,Instagram DM,2026-04-22,,Wedding guest
GG-APT-00273,GG-CL-0083,Harper Carter,GG-PROV-003,Tori Nguyen,SVC-001,Women's Haircut,Hair,2026-04-27,15:30,16:30,60,completed,75,0,11.25,86.25,Instagram DM,2026-04-14,,
GG-APT-00274,GG-CL-0082,Evelyn Martinez,GG-PROV-004,Sasha Reed,SVC-001,Women's Haircut,Hair,2026-04-28,13:30,14:30,60,completed,75,0,11.25,86.25,Rebooked at checkout,2026-04-18,,Upsell gloss next time
GG-APT-00275,GG-CL-0097,Riley Carter,GG-PROV-005,Bri Ellis,SVC-010,Facial,Skin,2026-04-28,17:30,18:45,75,completed,120,0,21.6,141.6,Instagram DM,2026-04-24,,
GG-APT-00276,GG-CL-0071,Grace Baker,GG-PROV-004,Sasha Reed,SVC-005,Gloss / Toner,Color,2026-04-28,10:00,10:45,45,completed,120,0,21.6,141.6,Rebooked at checkout,2026-04-04,,
GG-APT-00277,GG-CL-0084,Olivia Mitchell,GG-PROV-005,Bri Ellis,SVC-004,Balayage,Color,2026-04-28,17:30,20:00,150,completed,270,0,32.4,302.4,Text request,2026-04-04,,Wedding guest
GG-APT-00278,GG-CL-0015,Aria Wilson,GG-PROV-004,Sasha Reed,SVC-007,Spa Pedicure,Nails,2026-04-28,14:30,15:30,60,completed,72,0,10.8,82.8,Phone,2026-04-28,,Potential referral
GG-APT-00279,GG-CL-0080,Ellie Taylor,GG-PROV-002,Janelle Brooks,SVC-008,Brow Wax,Wax,2026-04-28,09:00,09:20,20,completed,28,0,7.0,35.0,Phone,2026-04-01,,
GG-APT-00280,GG-CL-0119,Anna Robinson,GG-PROV-002,Janelle Brooks,SVC-005,Gloss / Toner,Color,2026-04-28,09:00,09:45,45,completed,90,0,13.5,103.5,Online booking,2026-04-18,,
GG-APT-00281,GG-CL-0097,Riley Carter,GG-PROV-003,Tori Nguyen,SVC-009,Lash Lift,Lashes,2026-04-28,16:30,17:30,60,completed,95,0,23.75,118.75,Online booking,2026-04-16,,Upsell gloss next time
GG-APT-00282,GG-CL-0037,Isabella Campbell,GG-PROV-002,Janelle Brooks,SVC-010,Facial,Skin,2026-04-28,13:30,14:45,75,completed,135,0,33.75,168.75,Online booking,2026-04-16,,Slow slot fill
GG-APT-00283,GG-CL-0003,Penelope Thompson,GG-PROV-003,Tori Nguyen,SVC-007,Spa Pedicure,Nails,2026-04-28,12:30,13:30,60,completed,97,15,24.25,106.25,Instagram DM,2026-04-01,,Upsell gloss next time
GG-APT-00284,GG-CL-0124,Leah Johnson,GG-PROV-004,Sasha Reed,SVC-009,Lash Lift,Lashes,2026-04-28,09:00,10:00,60,completed,95,0,19.0,114.0,Instagram DM,2026-04-16,,Slow slot fill
GG-APT-00285,GG-CL-0081,Nora Taylor,GG-PROV-003,Tori Nguyen,SVC-004,Balayage,Color,2026-04-28,17:30,20:00,150,completed,235,0,58.75,293.75,Instagram DM,2026-03-31,,
GG-APT-00286,GG-CL-0018,Penelope Rivera,GG-PROV-001,Mia Carter,SVC-007,Spa Pedicure,Nails,2026-04-29,17:30,18:30,60,completed,72,0,12.96,84.96,Rebooked at checkout,2026-04-16,,Potential referral
GG-APT-00287,GG-CL-0027,Abigail Gonzalez,GG-PROV-002,Janelle Brooks,SVC-010,Facial,Skin,2026-04-29,17:30,18:45,75,completed,120,0,14.4,134.4,Phone,2026-04-01,,Upsell gloss next time
GG-APT-00288,GG-CL-0118,Penelope Flores,GG-PROV-002,Janelle Brooks,SVC-006,Gel Manicure,Nails,2026-04-29,10:00,10:55,55,completed,83,15,20.75,88.75,Rebooked at checkout,2026-04-06,,
GG-APT-00289,GG-CL-0039,Ava White,GG-PROV-004,Sasha Reed,SVC-005,Gloss / Toner,Color,2026-04-29,11:00,11:45,45,rescheduled,95,10,0,0,Online booking,2026-04-05,,Upsell gloss next time
GG-APT-00290,GG-CL-0079,Stella Harris,GG-PROV-003,Tori Nguyen,SVC-010,Facial,Skin,2026-04-29,12:30,13:45,75,completed,120,0,14.4,134.4,Text request,2026-04-27,,Slow slot fill
GG-APT-00291,GG-CL-0092,Audrey Flores,GG-PROV-003,Tori Nguyen,SVC-003,Root Touch-Up,Color,2026-04-29,15:30,17:00,90,completed,140,0,16.8,156.8,Rebooked at checkout,2026-04-28,,Wedding guest
GG-APT-00292,GG-CL-0096,Amelia Clark,GG-PROV-002,Janelle Brooks,SVC-004,Balayage,Color,2026-04-29,10:00,12:30,150,completed,260,0,52.0,312.0,Text request,2026-04-02,,Wedding guest
GG-APT-00293,GG-CL-0095,Savannah Baker,GG-PROV-004,Sasha Reed,SVC-006,Gel Manicure,Nails,2026-04-29,15:30,16:25,55,completed,83,0,16.6,99.6,Phone,2026-04-04,,
GG-APT-00294,GG-CL-0113,Ava Green,GG-PROV-002,Janelle Brooks,SVC-009,Lash Lift,Lashes,2026-04-30,17:30,18:30,60,completed,85,0,17.0,102.0,Phone,2026-04-29,,
GG-APT-00295,GG-CL-0060,Abigail Thompson,GG-PROV-002,Janelle Brooks,SVC-007,Spa Pedicure,Nails,2026-04-30,13:30,14:30,60,completed,62,0,15.5,77.5,Rebooked at checkout,2026-04-16,,Slow slot fill
GG-APT-00296,GG-CL-0024,Leah Moore,GG-PROV-005,Bri Ellis,SVC-009,Lash Lift,Lashes,2026-04-30,11:00,12:00,60,completed,105,0,15.75,120.75,Rebooked at checkout,2026-04-16,,Upsell gloss next time
GG-APT-00297,GG-CL-0042,Scarlett Nelson,GG-PROV-002,Janelle Brooks,SVC-002,Blowout,Hair,2026-04-30,10:00,10:45,45,completed,80,0,20.0,100.0,VMB invite,2026-04-08,,Wedding guest
GG-APT-00298,GG-CL-0071,Grace Baker,GG-PROV-004,Sasha Reed,SVC-001,Women's Haircut,Hair,2026-04-30,11:00,12:00,60,completed,85,0,10.2,95.2,Rebooked at checkout,2026-04-06,,Slow slot fill
GG-APT-00299,GG-CL-0037,Isabella Campbell,GG-PROV-002,Janelle Brooks,SVC-002,Blowout,Hair,2026-04-30,11:00,11:45,45,completed,55,0,11.0,66.0,Online booking,2026-04-16,,Wedding guest
GG-APT-00300,GG-CL-0113,Ava Green,GG-PROV-004,Sasha Reed,SVC-004,Balayage,Color,2026-04-30,12:30,15:00,150,completed,260,0,46.8,306.8,Online booking,2026-04-11,,Upsell gloss next time
GG-APT-00301,GG-CL-0080,Ellie Taylor,GG-PROV-005,Bri Ellis,SVC-004,Balayage,Color,2026-04-30,09:00,11:30,150,completed,245,0,0,245,Online booking,2026-04-26,,
GG-APT-00302,GG-CL-0118,Penelope Flores,GG-PROV-001,Mia Carter,SVC-001,Women's Haircut,Hair,2026-04-30,10:00,11:00,60,completed,85,0,10.2,95.2,VMB invite,2026-04-09,,Slow slot fill
GG-APT-00303,GG-CL-0124,Leah Johnson,GG-PROV-004,Sasha Reed,SVC-010,Facial,Skin,2026-04-30,14:30,15:45,75,completed,115,0,17.25,132.25,Instagram DM,2026-04-04,,
GG-APT-00304,GG-CL-0061,Hazel Miller,GG-PROV-002,Janelle Brooks,SVC-002,Blowout,Hair,2026-04-30,13:30,14:15,45,completed,90,0,16.2,106.2,Phone,2026-04-24,,Upsell gloss next time
GG-APT-00305,GG-CL-0062,Savannah Martinez,GG-PROV-005,Bri Ellis,SVC-005,Gloss / Toner,Color,2026-04-30,15:30,16:15,45,completed,100,0,15.0,115.0,VMB invite,2026-04-19,,
GG-APT-00306,GG-CL-0064,Bella King,GG-PROV-002,Janelle Brooks,SVC-010,Facial,Skin,2026-04-30,12:30,13:45,75,cancelled,120,0,0,0,Online booking,2026-04-27,2026-04-30,Wedding guest
GG-APT-00307,GG-CL-0081,Nora Taylor,GG-PROV-001,Mia Carter,SVC-004,Balayage,Color,2026-04-30,15:30,18:00,150,completed,235,0,35.25,270.25,Phone,2026-04-24,,
GG-APT-00308,GG-CL-0040,Abigail Walker,GG-PROV-003,Tori Nguyen,SVC-009,Lash Lift,Lashes,2026-04-30,17:30,18:30,60,completed,85,0,0,85,Text request,2026-04-18,,Slow slot fill
GG-APT-00309,GG-CL-0025,Ava Rodriguez,GG-PROV-003,Tori Nguyen,SVC-006,Gel Manicure,Nails,2026-04-30,16:30,17:25,55,completed,48,0,12.0,60.0,Rebooked at checkout,2026-04-10,,Wedding guest
